abaque, abatte, abattu, abatee, abbaye, aberra, aberre, aberre, abject, abjura, abjure, abjure, aboies, abolie, abolir, abolis, abolit, abolit, abonda, abonde, abonde, abonna, abonne, abonni, abonne, aborda, aborde, abords, aborde, aboula, aboule, aboule, abouta, aboute, abouti, abouts, aboute, aboyai, aboyas, aboyer, aboyez, aboyat, aboyee, aboyes, abrasa, abrase, abrase, abrita, abrite, abrite, abroge, abroge, abrupt, abruti, abrege, abrege, absent, abside, absolu, absous, absout, abusai, abusas, abuser, abuses, abusez, abusif, abusat, abusee, abuses, abysse, abetie, abetir, abetis, abetit, abetit, abimai, abimas, abimer, abimes, abimez, abimat, abimee, abimes, acabit, acacia, acajou, acarus, acaule, accent, accise, accola, accole, accole, accora, accord, accore, accort, accore, accota, accote, accots, accote, accoua, accoue, accoue, accroc, accrue, accrus, accrut, accrut, accula, accule, accule, accusa, accuse, accuse, accede, acceda, accede, acerbe, achats, acheta, achete, acheva, acheve, achete, acheve, acheen, acides, aciers, acinus, aciere, aciera, aciere, aconit, acores, acquis, acquit, acquet, acquit, actais, actait, actant, actent, actera, acteur, actiez, actifs, action, activa, active, active, actons, actuel, actees, acuite, aceres, acerai, aceras, acerer, acerez, acerat, aceree, aceres, adages, adagio, adapta, adapte, adapte, adents, adepte, adhere, adhera, adhere, adieux, adjuge, adjuge, adjura, adjure, adjure, admets, admira, admire, admire, admise, adnees, adonis, adonna, adonne, adonne, adopta, adopte, adopte, adorai, adoras, adorer, adores, adorez, adorat, adoree, adores, adossa, adosse, adosse, adouba, adoube, adoube, adouci, adrets, adroit, adulai, adulas, aduler, adules, adulez, adulte, adulat, adulee, adules, advenu, advint, advint, affadi, affala, affale, affale, affama, affame, affame, affect, affide, affila, affile, affile, affina, affine, affins, affine, affixe, afflua, afflue, afflux, afflue, affola, affole, affole, affres, affura, affure, affure, affere, affera, affere, affete, affuta, affute, affuts, affute, afghan, afocal, agacer, agaces, agacez, agacee, agaces, agamis, agapes, agaric, agates, agaves, agaves, agacai, agacas, agacat, agence, agence, agenda, agents, agenca, agiles, agiota, agiote, agiote, agirai, agiras, agirez, agisse, agitai, agitas, agiter, agites, agitez, agitat, agitee, agites, agnats, agneau, agnela, agnele, agonie, agonir, agonis, agonit, agonit, agoras, agouti, agrafa, agrafe, agrafe, agrile, agrion, agrume, agrege, agreai, agreas, agreer, agrees, agreez, agrege, agreat, agreee, agrees, aguets, agimes, agites, ahanai, ahanas, ahaner, ahanes, ahanez, ahanat, ahurie, ahurir, ahuris, ahurit, ahurit, aiches, aidais, aidait, aidant, aident, aidera, aidiez, aidons, aidees, aigles, aiglon, aigres, aigrie, aigrir, aigris, aigrit, aigrit, aigues, ailier, aillai, aillas, ailler, ailles, aillez, aillat, aillee, ailles, ailees, aimais, aimait, aimant, aiment, aimera, aimiez, aimons, aimees, airain, airais, airait, airant, airbus, airent, airera, airiez, airons, aisees, ajoncs, ajoura, ajoure, ajours, ajoure, ajouta, ajoute, ajouts, ajoute, ajusta, ajuste, ajuste, alaire, alaise, alarma, alarme, alarme, albite, albugo, albums, albedo, alcade, alcali, alcool, alcyne, alcyon, alcene, alcove, aldine, aldins, aldols, alenti, alephs, alerta, alerte, alerte, alevin, alezan, algide, algies, algine, algols, algues, alibis, aligna, aligne, aligne, alinea, alises, alisme, alitai, alitas, aliter, alites, alitez, alitat, alitee, alites, alizes, aliene, aliena, aliene, allais, allait, allant, allers, alliai, allias, allier, allies, alliez, alliat, alliee, allies, allons, alloua, alloue, alloue, alluma, allume, allume, allure, allure, allyle, allege, allene, allees, allegi, allege, almees, alogie, aloses, aloyau, alpaga, alpage, alpine, alpins, altier, altise, altere, altera, altere, alunai, alunas, aluner, alunes, alunez, alunie, alunir, alunis, alunit, alunat, alunee, alunes, alunit, alvine, alvins, alytes, aleses, alesai, alesas, aleser, alesez, alesat, alesee, aleses, alenes, amadou, amande, amante, amants, amaril, amarra, amarre, amarre, amassa, amasse, amasse, amatie, amatir, amatis, amatit, amatit, ambigu, amblai, amblas, ambler, ambles, amblez, amblat, ambons, ambrai, ambras, ambrer, ambres, ambrez, ambrat, ambree, ambres, amenai, amenas, amenda, amende, amende, amener, amenez, amenat, amenee, amenes, amerri, ameuta, ameute, ameute, amibes, amical, amicts, amides, amidon, aminci, aminee, amines, amiral, amitie, amnios, amocha, amoche, amoche, amodia, amodie, amodie, amolli, amonts, amoral, amorce, amorce, amorti, amorca, amours, amphis, amples, amplis, amputa, ampute, ampute, ampere, amurai, amuras, amurer, amures, amurez, amurat, amuree, amures, amusai, amusas, amuser, amuses, amusez, amusie, amusat, amusee, amuses, amuies, amyles, amenes, ameres, anales, ananas, anches, ancien, ancrai, ancras, ancrer, ancres, ancrez, ancrat, ancree, ancres, andain, andine, andins, aneths, angine, angles, anglet, angons, angora, angors, anhele, anhela, anhele, animai, animal, animas, animer, animes, animez, animat, animee, animes, anions, anisai, anisas, aniser, anises, anisez, anisat, anisee, anises, annale, annaux, anneau, annela, annele, annexa, annexe, annexe, annone, annota, annote, annote, annuel, annula, annule, annule, annees, anobli, anodes, anodin, anomal, anomie, anorak, anordi, anoure, ansees, antres, anurie, anemia, anemie, anemie, aortes, aoutai, aoutas, aoutat, aouter, aoutes, aoutez, aoutat, aoutee, aoutes, apache, apaisa, apaise, apaise, aparte, apercu, apeura, apeure, apeure, aphone, aphtes, apical, apiols, apions, apiqua, apique, apique, aplani, aplati, aplats, aplomb, apnees, apodes, apogee, aporie, aposta, aposte, aposte, apparu, appeau, appela, appels, appele, appert, apport, apposa, appose, appose, appris, apprit, appret, apprit, appuie, appuis, appuya, appuye, appata, appate, appats, appate, appete, appeta, appete, apside, aptere, apurai, apuras, apurer, apures, apurez, apurat, apuree, apures, apotre, aqueux, arabes, arable, araire, aramon, arasai, arasas, araser, arases, arasez, arasat, arasee, arases, arbora, arbore, arbore, arbres, arcade, arcane, arceau, archal, archer, arches, archet, arcure, ardent, ardeur, ardues, argent, argile, argons, argots, arguai, arguas, arguer, argues, arguez, arguat, arguee, argues, arides, ariens, arille, arioso, arisai, arisas, ariser, arises, arisez, arisat, armada, armais, armait, armant, arment, armera, armets, armiez, armons, armure, armees, arnica, aronde, arpent, arpion, arpege, arpete, arpege, arquai, arquas, arquer, arques, arquez, arquat, arquee, arques, arrhes, arrima, arrime, arrime, arrisa, arrise, arrise, arriva, arrive, arrive, arrobe, arroge, arroge, arrond, arrosa, arrose, arrose, arroyo, arreta, arrete, arrets, arrete, arsine, arsins, artels, artere, aryens, aryles, arcons, arenes, areole, aretes, aromes, ascite, ascese, ascete, asexue, ashram, asiles, aspect, aspics, aspira, aspire, aspire, asques, assagi, assaut, assena, assene, asseye, assidu, assied, assise, assoie, assois, assoit, assola, assole, assole, assona, assone, assone, assuma, assume, assume, assura, assure, assure, assene, assena, assene, astate, asters, asthme, astral, astres, astuce, ataxie, athees, atolls, atomes, atonal, atones, atonie, atours, atouts, atrium, atroce, attela, attele, attend, attifa, attife, attife, attige, attige, attira, attire, attire, attisa, attise, attise, ateles, aubade, aubier, aubins, auburn, aubere, aucuba, aucune, aucuns, audace, audits, augets, augura, augure, augure, aulnes, aumone, aupres, auquel, aurais, aurait, auriez, aurige, aurons, auront, aurore, autant, autels, auteur, autour, autres, autrui, auvent, auxine, avachi, avalai, avalas, avaler, avales, avalez, avalat, avalee, avales, avance, avance, avanie, avants, avanca, avares, avaria, avarie, avarie, avatar, avenir, avenue, avenus, averse, averti, aveuli, avides, avilie, avilir, avilis, avilit, avilit, avinai, avinas, aviner, avines, avinez, avinat, avinee, avines, avions, aviron, avisai, avisas, aviser, avises, avisez, avisos, avisat, avisee, avises, avivai, avivas, aviver, avives, avivez, avivat, avivee, avives, avocat, avoine, avoirs, avorta, avorte, avorte, avouai, avouas, avouer, avoues, avouez, avouat, avouee, avoues, averes, averai, averas, averer, averez, averat, averee, averes, axasse, axerai, axeras, axerez, axiles, axiome, axions, axones, axonge, axames, axates, ayants, azalee, azimut, azotes, azotee, azotes, azurai, azuras, azurer, azures, azurez, azurat, azuree, azures, azygos, azymes, aerent, aerais, aerait, aerant, aerera, aerien, aeriez, aerons, aerees, ainees, aieule, aieuls, aikido, aiolis, a-coup, a-cote, acrete, anerie, anesse, aniers, aniere, anonna, anonne, anonne, aprete,babils, babine, bachot, baculs, badaud, badges, badina, badine, badins, badine, baffai, baffas, baffer, baffes, baffez, baffle, baffat, baffee, baffes, bafoua, bafoue, bafoue, bagads, bagage, bagnes, bagout, baguai, baguas, baguer, bagues, baguez, baguat, baguee, bagues, bahuts, baient, baiera, baigna, baigne, baigne, bailla, baille, bailli, baille, baisai, baisas, baiser, baises, baisez, baissa, baisse, baisse, baisat, baisee, baises, bajoue, balada, grener, grenez, grenue, grenus, grenat, grenee, grenes, grevai, grevas, grever, grevez, grevat, grevee, greves, griefs, griffa, griffe, griffu, griffe, grigna, grigne, grigne, grigou, grigri, grilla, grille, grills, grille, grimai, grimas, grimer, grimes, grimez, grimpa, grimpe, grimpe, grimat, grimee, grimes, grince, grince, gringe, gringo, grinca, griots, grippa, grippe, grippe, grisai, grisas, grisbi, griser, grises, griset, grisez, grison, grisou, grisat, grisee, grises, grives, groggy, grogna, grogne, grogne, groins, groles, grolle, gronda, gronde, gronde, grooms, grosse, grossi, grotte, groupa, groupe, groups, groupe, grouse, gruaux, grugea, gruger, gruges, grugez, grugee, gruges, grumes, graces, grebes, greges, grenes, greses, greves, greais, greait, greant, greent, greera, greiez, gremil, greons, gresai, gresas, greser, gresez, gresil, gresat, gresee, greses, greees, greler, greles, grelon, grelat, grelee, greles, guanos, guelfe, guelte, guenon, guerre, guetta, guette, guette, gueula, gueule, gueule, gueusa, gueuse, gueuse, guibre, guiche, guidai, guidas, guider, guides, guidez, guidon, guidat, guidee, guides, guigna, guigne, guigne, guilde, guimpe, guinda, guinde, guinde, guinee, guipai, guipas, guiper, guipes, guipez, guipon, guipat, guipee, guipes, guises, guivre, gulden, gunite, guppys, guzlas, guebre, guedes, gueres, guetes, gueais, gueait, gueant, gueent, gueera, gueiez, gueons, gueret, guerie, guerir, gueris, guerit, guerit, gueees, guepes, guetra, guetre, guetre, gypses, gyrins, gables, gachai, gachas, gacher, gaches, gachez, gachis, gachat, gachee, gaches, gatais, gatait, gatant, gateau, gatent, gatera, gateux, gatiez, gatine, gatons, gatees, gelent, gelera, gerent, geante, geants, gelifs, gelive, gelose, gelule, gemeau, gemies, gemina, gemine, gemine, gemira, genial, genies, genois, genome, genere, genepi, genera, genere, geodes, geoide, gerais, gerait, gerant, gerera, geriez, gerome, gerons, gerees, gesier, gesine, genais, genait, genant, genent, genera, geneur, geniez, genons, genees, gitais, gitait, gitant, gitent, gitera, gitiez, gitons, habile, habita, habite, habits, habite, hablai, hablas, habler, hables, hablez, hablat, hablee, hables, hachai, hachas, hacher, haches, hachez, hachis, hachat, hachee, haches, hadith, hadjis, hagard, haines, haires, halage, halais, halait, halant, halbis, halent, halera, haleta, halete, haleur, haliez, halles, halons, haltes, halvas, halete, halees, hamacs, hamada, hameau, hammam, hampes, hanaps, hancha, hanche, hanche, hangar, hanses, hantai, hantas, hanter, hantes, hantez, hantat, hantee, hantes, happai, happas, happer, happes, happez, happat, happee, happes, haquet, hardai, hardas, harder, hardes, hardez, hardie, hardis, hardat, hardee, hardes, harems, hareng, hargne, harkis, harles, harpai, harpas, harper, harpes, harpez, harpie, harpon, harpat, harpee, harpes, hasard, haschs, hastee, hastes, hauban, haussa, hausse, hausse, hautes, hautin, havage, havais, havait, havane, havant, havent, havera, haveur, havies, haviez, havira, havons, havres, havees, hayons, haikai, haikus, haimes, hairai, hairas, hairez, haisse, haites, heaume, hectos, hennie, hennin, hennir, hennis, hennit, hennes, hennit, henrys, herbai, herbas, herber, herbes, herbez, herbue, herbus, herbat, herbee, herbes, hernie, hernie, herpes, herpes, hersai, hersas, herser, herses, hersez, hersat, hersee, herses, hetman, heures, heurta, heurte, heurts, heurte, hexose, hi-han, hiatal, hiatus, hiboux, hideur, hideux, hilare, hindou, hippie, hircin, hissai, hissas, hisser, hisses, hissez, hissat, hissee, hisses, hivers, hieble, hiemal, hoccos, hochai, hochas, hocher, hoches, hochet, hochez, hochat, hochee, hoches, hockey, hoirie, homard, hommes, hongra, hongre, hongre, honnie, honnir, honnis, honnit, honnit, honora, honore, honore, hontes, hoquet, hordes, horion, hormis, horsts, hostie, hostos, hotter, hottes, hottee, houais, houait, houant, houdan, houent, houera, houiez, houkas, houles, houons, houppa, houppe, houppe, houque, hourda, hourde, hourdi, hourds, hourde, houris, hourra, houssa, housse, housse, houees, hoyaux, huards, huarts, huasse, hublot, huchai, huchas, hucher, huches, huchet, huchez, huchat, huchee, huches, huerai, hueras, huerez, huerta, huilai, huilas, huiler, huiles, huilez, huilat, huilee, huiles, huions, hulula, hulule, hulule, humage, humain, humais, humait, humant, humble, hument, humera, humeur, humide, humiez, humons, humour, humees, hunier, huotte, huppes, huppee, huppes, hurlai, hurlas, hurler, hurles, hurlez, hurlat, hurlee, hurles, hurons, hurrah, huttes, huames, huates, huitre, hyalin, hydnes, hydres, hydrie, hymens, hymnes, hyoide, hypoge, hysope, hyenes, halais, halait, halant, halent, halera, haliez, haloir, halons, halees, hatais, hatait, hatant, hatent, hatera, hatier, hatiez, hatifs, hative, hatons, hatees, helent, hebreu, hebete, hebeta, hebete, hegire, helais, helait, helant, helera, helice, heliez, helion, helium, helons, helees, hemine, heraut, herita, herite, herite, herons, hesita, hesite, hesite, heveas, hetres, hotels, iRMXII, iambes, ibidem, iberes, icaque, ichors, ictere, icones, idiome, idiote, idiots, idoine, idoles, idylle, ideale, ideals, ideaux, ideels, igloos, igname, ignare, ignora, ignore, ignore, ignees, iguane, ilions, illico, ilotes, ileale, ileaux, ileite, ileons, imagea, imager, images, imagez, imagos, imagee, images, imamat, imanat, imbiba, imbibe, imbibe, imbues, imides, imitai, imitas, imiter, imites, imitez, imitat, imitee, imites, immola, immole, immole, immune, immuns, impact, impair, impala, impaye, impers, impies, impoli, imposa, impose, impose, impuni, impure, impurs, imputa, impute, impute, impots, inapte, incisa, incise, incise, incita, incite, incite, inclue, inclus, inclut, inclut, incree, incuba, incube, incube, incuit, incuse, indexa, indexe, indexe, indice, indice, indien, indigo, indium, indica, indole, indues, induis, induit, indult, indura, indure, indure, inepte, inerme, inerte, infant, infect, infime, infini, infixe, influa, influe, influx, influe, infule, infusa, infuse, infuse, infame, infere, infera, infere, worsts, worths, worthy, wortle, wotted, woubit, woulds , wounds, woundy, wovens, wowfer, wowing, wowser, wracks, wraith, wrangs , wrasse, wrasts, wraths, wrathy, wrawls, wraxle, wreaks, wreath, wrecks , wrench, wrests, wretch, wrethe, wricks, wriest, wright, wrings, wrists , wristy, writer, writes, writhe, wroath, wroken, wrongs, wroots, wryest , wrying, wudded, wukkas, wulled, wunner, wurley, wurlie, wursts, wurzel , wushus, wusses, wuther, wuxias, wuzzle, wyches, wyling, wyting, wyvern , xebecs, xenial, xenias, xenium, xenons, xeroma, xoanon, xylans, xylems , xylene, xyloid, xylols, xyloma, xylose, xylyls, xyster, xystoi, xystos , xystus, yabbas, yabber, yabbie, yaccas, yachts, yackas, yacked, yacker , yaffed, yaffle, yagers, yagger, yahoos, yairds, yakkas, yakked, yakker , yakows, yakuza, yamens, yammer, yamuns, yanked, yanker, yankie, yanqui , yantra, yaourt, yapock, yapoks, yapons, yapped, yapper, yappie, yaqona , yarcos, yarded, yarder, yarely, yarest, yarfas, yarked, yarned, yarner , yarpha, yarran, yarrow, yartas, yartos, yasmak, yatter, yauped, yauper , yaupon, yautia, yawing, yawled, yawned, yawner, yawped, yawper, yblent , ybound, ybrent, yclept, yealms, yeaned, yeards, yearly, yearns, yeasts , yeasty, yecchs, yeding, yeelin, yelled, yeller, yellow, yelmed, yelped , yelper, yemmer, yenned, yentas, yentes, yeoman, yeomen, yerbas, yerded , yerked, yesked, yessed, yesses, yester, yettie, yeuked, yeving, yexing , yicker, yidaki, yields, yiking, yikker, yipped, yippee, yipper, yippie , yirded, yirked, yirred, yirths, yities, yitten, ymping, ynambu, yobbos , yocked, yodels, yodled, yodler, yodles, yogees, yogini, yogins, yogism , yogurt, yoicks, yojana, yojans, yokels, yokers, yoking, yokked, yolked , yomped, yonder, yonker, yonnie, yopper, yorked, yorker, yorkie, yorped , youked, youngs, youpon, yourts, youths, youthy, yowies, yowing, yowled , yowler, yowley, ypight, yplast, yrnehs, yshend, yshent, yttria, yttric , yuccas, yucked, yucker, yukata, yukier, yuking, yukked, yulans, yumped , yumpie, yunxes, yupons, yuppie, yurtas, yutzes, ywroke, zabeta, zabras , zaddik, zaffar, zaffer, zaffir, zaffre, zaftig, zagged, zaikai, zaires , zakats, zamang, zamans, zambos, zambuk, zamias, zanana, zander, zanied , zanier, zanies, zanily, zanjas, zantes, zanzas, zanzes, zapata, zapped , zapper, zarape, zareba, zariba, zarnec, zayins, zazens, zealot, zeatin , zebeck, zebecs, zebras, zebubs, zechin, zelant, zeloso, zenana, zendik , zenith, zephyr, zerdas, zereba, zeriba, zeroed, zeroes, zeroth, zested , zester, zeugma, zhomos, zibeth, zibets, zigans, zigged, zigzag, zillah , zillas, zimbis, zimmer, zinced, zincic, zincky, zincos, zinebs, zinged , zingel, zinger, zinked, zinkes, zinnia, zipped, zipper, zippos, ziptop , zirams, zircon, zither, zizels, zizith, zizzed, zizzes, zizzle, zlotys , zoaeae, zoaeas, zoaria, zocalo, zoccos, zodiac, zoecia, zoetic, zoftig , zoisms, zoists, zombie, zombis, zonary, zonate, zondas, zoners, zoning , zonked, zonoid, zonula, zonule, zonure, zooeae, zooeal, zooeas, zooids , zooier, zoomed, zoona, zooned, zoonic, zoozoo, zorils, zorino, zorros , zoster, zouave, zounds, zoysia, zufoli, zufolo, zupans, zydeco, zygoid , zygoma, zygose, zygote, zymase, zymite, zymoid, zymome, zythum
